{"id":28,"date":"2025-11-03T23:21:21","date_gmt":"2025-11-03T23:21:21","guid":{"rendered":"https:\/\/www.icellpharma.com\/products\/"},"modified":"2025-11-11T09:20:28","modified_gmt":"2025-11-11T09:20:28","slug":"products","status":"publish","type":"page","link":"https:\/\/www.icellpharma.com\/?page_id=28","title":{"rendered":"Products"},"content":{"rendered":"\t\t<div data-elementor-type=\"wp-page\" data-elementor-id=\"28\" class=\"elementor elementor-28\">\n\t\t\t\t<div class=\"elementor-element elementor-element-9959e86 e-flex e-con-boxed e-con e-parent\" data-id=\"9959e86\" data-element_type=\"container\" data-settings=\"{&quot;background_background&quot;:&quot;classic&quot;}\">\n\t\t\t\t\t<div class=\"e-con-inner\">\n\t\t<div class=\"elementor-element elementor-element-b7e9c06 e-con-full e-flex e-con e-child\" data-id=\"b7e9c06\" data-element_type=\"container\">\n\t\t\t\t<div class=\"elementor-element elementor-element-b36bf93 elementor-widget elementor-widget-heading\" data-id=\"b36bf93\" data-element_type=\"widget\" data-widget_type=\"heading.default\">\n\t\t\t\t\t<h2 class=\"elementor-heading-title elementor-size-default\">Discover Our Innovative Products<\/h2>\t\t\t\t<\/div>\n\t\t\t\t<div class=\"elementor-element elementor-element-7cfe86f elementor-widget elementor-widget-text-editor\" data-id=\"7cfe86f\" data-element_type=\"widget\" data-widget_type=\"text-editor.default\">\n\t\t\t\t\t\t\t\t\t<p>At ICellPharma, we specialize in cutting-edge brain supplements and nutraceuticals. Our products are designed to enhance cognitive performance and support your overall well-being. Explore our innovative solutions and learn how our research can benefit you.<\/p>\t\t\t\t\t\t\t\t<\/div>\n\t\t\t\t<\/div>\n\t\t\t\t\t<\/div>\n\t\t\t\t<\/div>\n\t\t<div class=\"elementor-element elementor-element-undefined-ed6b75a e-flex e-con-boxed e-con e-parent\" data-id=\"undefined-ed6b75a\" data-element_type=\"container\" data-settings=\"{&quot;background_background&quot;:&quot;classic&quot;}\">\n\t\t\t\t\t<div class=\"e-con-inner\">\n\t\t<div class=\"elementor-element elementor-element-undefined-c821207 e-con-full e-flex e-con e-child\" data-id=\"undefined-c821207\" data-element_type=\"container\" data-settings=\"{&quot;background_background&quot;:&quot;classic&quot;}\">\n\t\t\t\t<div class=\"elementor-element elementor-element-undefined-cfb737d elementor-widget elementor-widget-heading\" data-id=\"undefined-cfb737d\" data-element_type=\"widget\" data-widget_type=\"heading.default\">\n\t\t\t\t\t<h2 class=\"elementor-heading-title elementor-size-default\">Brainozen<\/h2>\t\t\t\t<\/div>\n\t\t\t\t<div class=\"elementor-element elementor-element-undefined-1208602 elementor-widget elementor-widget-text-editor\" data-id=\"undefined-1208602\" data-element_type=\"widget\" data-widget_type=\"text-editor.default\">\n\t\t\t\t\t\t\t\t\t<p style=\"margin-bottom: 0cm; line-height: normal;\"><b><span style=\"font-family: Poppins; mso-fareast-font-family: 'DengXian Light'; mso-fareast-theme-font: major-fareast; color: #0e101a; mso-font-kerning: 0pt; mso-ligatures: none; mso-fareast-language: ZH-CN;\">Brainozen<\/span><\/b><span style=\"font-family: Poppins; mso-fareast-font-family: 'DengXian Light'; mso-fareast-theme-font: major-fareast; color: #0e101a; mso-font-kerning: 0pt; mso-ligatures: none; mso-fareast-language: ZH-CN;\"> is and scientifically formulated brain supplement designed to:<\/span><\/p><ul style=\"margin-top: 0cm;\" type=\"disc\"><li style=\"color: #0e101a; margin-bottom: 0cm; line-height: normal; text-align: center;\"><span style=\"font-family: Poppins; mso-fareast-font-family: 'DengXian Light'; mso-fareast-theme-font: major-fareast; mso-font-kerning: 0pt; mso-ligatures: none; mso-fareast-language: ZH-CN;\">Support <b>cognitive function<\/b><\/span><\/li><li style=\"color: #0e101a; margin-bottom: 0cm; line-height: normal; text-align: center;\"><span style=\"font-family: Poppins; mso-fareast-font-family: 'DengXian Light'; mso-fareast-theme-font: major-fareast; mso-font-kerning: 0pt; mso-ligatures: none; mso-fareast-language: ZH-CN;\">Enhance <b>memory and focus<\/b><\/span><\/li><li style=\"color: #0e101a; margin-bottom: 0cm; line-height: normal; text-align: center;\"><span style=\"font-family: Poppins; mso-fareast-font-family: 'DengXian Light'; mso-fareast-theme-font: major-fareast; mso-font-kerning: 0pt; mso-ligatures: none; mso-fareast-language: ZH-CN;\">Promote <b>long-term brain health<\/b><\/span><\/li><\/ul><div style=\"text-align: center;\"><span style=\"color: #0e101a; font-family: Poppins;\"><b>\u00a0<\/b><\/span><\/div><div><span style=\"color: #0e101a; font-family: Poppins;\"><b>\u00a0<\/b><\/span><\/div>\t\t\t\t\t\t\t\t<\/div>\n\t\t\t\t<\/div>\n\t\t<div class=\"elementor-element elementor-element-undefined-dceaf49 e-con-full e-flex e-con e-child\" data-id=\"undefined-dceaf49\" data-element_type=\"container\">\n\t\t<div class=\"elementor-element elementor-element-undefined-aefae3e e-con-full e-flex e-con e-child\" data-id=\"undefined-aefae3e\" data-element_type=\"container\">\n\t\t\t\t<div class=\"elementor-element elementor-element-undefined-7944801 elementor-widget elementor-widget-image\" data-id=\"undefined-7944801\" data-element_type=\"widget\" data-settings=\"{&quot;_animation_tablet&quot;:&quot;slideInLeft&quot;}\" data-widget_type=\"image.default\">\n\t\t\t\t\t\t\t\t\t\t\t\t\t\t\t<img fetchpriority=\"high\" decoding=\"async\" width=\"800\" height=\"809\" src=\"https:\/\/www.icellpharma.com\/wp-content\/uploads\/2025\/11\/3D-2-2-1013x1024.webp\" class=\"attachment-large size-large wp-image-146\" alt=\"\" srcset=\"https:\/\/www.icellpharma.com\/wp-content\/uploads\/2025\/11\/3D-2-2-1013x1024.webp 1013w, https:\/\/www.icellpharma.com\/wp-content\/uploads\/2025\/11\/3D-2-2-297x300.webp 297w, https:\/\/www.icellpharma.com\/wp-content\/uploads\/2025\/11\/3D-2-2-768x776.webp 768w, https:\/\/www.icellpharma.com\/wp-content\/uploads\/2025\/11\/3D-2-2-1520x1536.webp 1520w, https:\/\/www.icellpharma.com\/wp-content\/uploads\/2025\/11\/3D-2-2-2026x2048.webp 1899w, https:\/\/www.icellpharma.com\/wp-content\/uploads\/2025\/11\/3D-2-2-scaled.webp 1900w\" sizes=\"(max-width: 800px) 100vw, 800px\" \/>\t\t\t\t\t\t\t\t\t\t\t\t\t\t\t<\/div>\n\t\t\t\t<div class=\"elementor-element elementor-element-undefined-52ac7b0 elementor-widget elementor-widget-image-box\" data-id=\"undefined-52ac7b0\" data-element_type=\"widget\" data-widget_type=\"image-box.default\">\n\t\t\t\t\t<div class=\"elementor-image-box-wrapper\"><div class=\"elementor-image-box-content\"><h3 class=\"elementor-image-box-title\">Healthier Brain<\/h3><p class=\"elementor-image-box-description\"><p class=\"MsoNormal\" style=\"margin-bottom:0cm;line-height:normal\"><span style=\"font-family:Poppins;color:#0E101A\">Powered by GSK-3<\/span><span style=\",serif;color:#0E101A\">\u03b2<\/span><span style=\"font-family:Poppins;color:#0E101A\"> inhibitor technology.<\/span><\/p>\n\n<p class=\"MsoNormal\" style=\"margin-bottom:0cm;line-height:normal\"><span style=\"font-family:Poppins;color:#0E101A\">We are committed to delivering <b>premium-quality products<\/b> at highly\naffordable prices so that everyone can experience good health, brain disease\nprevention, and cognitive support without compromise. <\/span><\/p><\/p><\/div><\/div>\t\t\t\t<\/div>\n\t\t\t\t<\/div>\n\t\t\t\t<\/div>\n\t\t\t\t\t<\/div>\n\t\t\t\t<\/div>\n\t\t<div class=\"elementor-element elementor-element-2b3004e e-flex e-con-boxed e-con e-parent\" data-id=\"2b3004e\" data-element_type=\"container\">\n\t\t\t\t\t<div class=\"e-con-inner\">\n\t\t<div class=\"elementor-element elementor-element-ccd455a e-con-full e-flex e-con e-child\" data-id=\"ccd455a\" data-element_type=\"container\">\n\t\t\t\t<div class=\"elementor-element elementor-element-9e47bf2 elementor-widget elementor-widget-heading\" data-id=\"9e47bf2\" data-element_type=\"widget\" data-widget_type=\"heading.default\">\n\t\t\t\t\t<h2 class=\"elementor-heading-title elementor-size-default\">Why Choose ICellPharma?<\/h2>\t\t\t\t<\/div>\n\t\t\t\t<\/div>\n\t\t<div class=\"elementor-element elementor-element-c68767d e-con-full e-flex e-con e-child\" data-id=\"c68767d\" data-element_type=\"container\">\n\t\t\t\t<div class=\"elementor-element elementor-element-b6b95e1 elementor-position-left elementor-tablet-position-left elementor-widget__width-initial elementor-view-default elementor-widget elementor-widget-icon-box\" data-id=\"b6b95e1\" data-element_type=\"widget\" data-widget_type=\"icon-box.default\">\n\t\t\t\t\t\t\t<div class=\"elementor-icon-box-wrapper\">\n\n\t\t\t\t\t\t<div class=\"elementor-icon-box-icon\">\n\t\t\t\t<span  class=\"elementor-icon\">\n\t\t\t\t<svg aria-hidden=\"true\" class=\"e-font-icon-svg e-fas-star\" viewBox=\"0 0 576 512\" xmlns=\"http:\/\/www.w3.org\/2000\/svg\"><path d=\"M259.3 17.8L194 150.2 47.9 171.5c-26.2 3.8-36.7 36.1-17.7 54.6l105.7 103-25 145.5c-4.5 26.3 23.2 46 46.4 33.7L288 439.6l130.7 68.7c23.2 12.2 50.9-7.4 46.4-33.7l-25-145.5 105.7-103c19-18.5 8.5-50.8-17.7-54.6L382 150.2 316.7 17.8c-11.7-23.6-45.6-23.9-57.4 0z\"><\/path><\/svg>\t\t\t\t<\/span>\n\t\t\t<\/div>\n\t\t\t\n\t\t\t\t\t\t<div class=\"elementor-icon-box-content\">\n\n\t\t\t\t\t\t\t\t\t<h3 class=\"elementor-icon-box-title\">\n\t\t\t\t\t\t<span  >\n\t\t\t\t\t\t\tAdvanced Brain Insights\t\t\t\t\t\t<\/span>\n\t\t\t\t\t<\/h3>\n\t\t\t\t\n\t\t\t\t\t\t\t\t\t<p class=\"elementor-icon-box-description\">\n\t\t\t\t\t\tOur brain supplements are designed with cutting-edge research to enhance cognitive performance and boost mental clarity.\t\t\t\t\t<\/p>\n\t\t\t\t\n\t\t\t<\/div>\n\t\t\t\n\t\t<\/div>\n\t\t\t\t\t\t<\/div>\n\t\t\t\t<div class=\"elementor-element elementor-element-61c23ba elementor-position-left elementor-tablet-position-left elementor-widget__width-initial elementor-view-default elementor-widget elementor-widget-icon-box\" data-id=\"61c23ba\" data-element_type=\"widget\" data-widget_type=\"icon-box.default\">\n\t\t\t\t\t\t\t<div class=\"elementor-icon-box-wrapper\">\n\n\t\t\t\t\t\t<div class=\"elementor-icon-box-icon\">\n\t\t\t\t<span  class=\"elementor-icon\">\n\t\t\t\t<svg aria-hidden=\"true\" class=\"e-font-icon-svg e-fas-star\" viewBox=\"0 0 576 512\" xmlns=\"http:\/\/www.w3.org\/2000\/svg\"><path d=\"M259.3 17.8L194 150.2 47.9 171.5c-26.2 3.8-36.7 36.1-17.7 54.6l105.7 103-25 145.5c-4.5 26.3 23.2 46 46.4 33.7L288 439.6l130.7 68.7c23.2 12.2 50.9-7.4 46.4-33.7l-25-145.5 105.7-103c19-18.5 8.5-50.8-17.7-54.6L382 150.2 316.7 17.8c-11.7-23.6-45.6-23.9-57.4 0z\"><\/path><\/svg>\t\t\t\t<\/span>\n\t\t\t<\/div>\n\t\t\t\n\t\t\t\t\t\t<div class=\"elementor-icon-box-content\">\n\n\t\t\t\t\t\t\t\t\t<h3 class=\"elementor-icon-box-title\">\n\t\t\t\t\t\t<span  >\n\t\t\t\t\t\t\tQuality Nutraceuticals\t\t\t\t\t\t<\/span>\n\t\t\t\t\t<\/h3>\n\t\t\t\t\n\t\t\t\t\t\t\t\t\t<p class=\"elementor-icon-box-description\">\n\t\t\t\t\t\tWe deliver high-quality nutraceuticals, formulated for effectiveness and safety, ensuring the utmost reliability for our customers.\t\t\t\t\t<\/p>\n\t\t\t\t\n\t\t\t<\/div>\n\t\t\t\n\t\t<\/div>\n\t\t\t\t\t\t<\/div>\n\t\t\t\t<div class=\"elementor-element elementor-element-9d599d6 elementor-position-left elementor-tablet-position-left elementor-widget__width-initial elementor-view-default elementor-widget elementor-widget-icon-box\" data-id=\"9d599d6\" data-element_type=\"widget\" data-widget_type=\"icon-box.default\">\n\t\t\t\t\t\t\t<div class=\"elementor-icon-box-wrapper\">\n\n\t\t\t\t\t\t<div class=\"elementor-icon-box-icon\">\n\t\t\t\t<span  class=\"elementor-icon\">\n\t\t\t\t<svg aria-hidden=\"true\" class=\"e-font-icon-svg e-fas-star\" viewBox=\"0 0 576 512\" xmlns=\"http:\/\/www.w3.org\/2000\/svg\"><path d=\"M259.3 17.8L194 150.2 47.9 171.5c-26.2 3.8-36.7 36.1-17.7 54.6l105.7 103-25 145.5c-4.5 26.3 23.2 46 46.4 33.7L288 439.6l130.7 68.7c23.2 12.2 50.9-7.4 46.4-33.7l-25-145.5 105.7-103c19-18.5 8.5-50.8-17.7-54.6L382 150.2 316.7 17.8c-11.7-23.6-45.6-23.9-57.4 0z\"><\/path><\/svg>\t\t\t\t<\/span>\n\t\t\t<\/div>\n\t\t\t\n\t\t\t\t\t\t<div class=\"elementor-icon-box-content\">\n\n\t\t\t\t\t\t\t\t\t<h3 class=\"elementor-icon-box-title\">\n\t\t\t\t\t\t<span  >\n\t\t\t\t\t\t\tResearch-Driven Results\t\t\t\t\t\t<\/span>\n\t\t\t\t\t<\/h3>\n\t\t\t\t\n\t\t\t\t\t\t\t\t\t<p class=\"elementor-icon-box-description\">\n\t\t\t\t\t\tOur commitment to R&amp;D guarantees that our products are rooted in the latest scientific advancements and studies.\t\t\t\t\t<\/p>\n\t\t\t\t\n\t\t\t<\/div>\n\t\t\t\n\t\t<\/div>\n\t\t\t\t\t\t<\/div>\n\t\t\t\t<div class=\"elementor-element elementor-element-56395fc elementor-position-left elementor-tablet-position-left elementor-widget__width-initial elementor-view-default elementor-widget elementor-widget-icon-box\" data-id=\"56395fc\" data-element_type=\"widget\" data-widget_type=\"icon-box.default\">\n\t\t\t\t\t\t\t<div class=\"elementor-icon-box-wrapper\">\n\n\t\t\t\t\t\t<div class=\"elementor-icon-box-icon\">\n\t\t\t\t<span  class=\"elementor-icon\">\n\t\t\t\t<svg aria-hidden=\"true\" class=\"e-font-icon-svg e-fas-star\" viewBox=\"0 0 576 512\" xmlns=\"http:\/\/www.w3.org\/2000\/svg\"><path d=\"M259.3 17.8L194 150.2 47.9 171.5c-26.2 3.8-36.7 36.1-17.7 54.6l105.7 103-25 145.5c-4.5 26.3 23.2 46 46.4 33.7L288 439.6l130.7 68.7c23.2 12.2 50.9-7.4 46.4-33.7l-25-145.5 105.7-103c19-18.5 8.5-50.8-17.7-54.6L382 150.2 316.7 17.8c-11.7-23.6-45.6-23.9-57.4 0z\"><\/path><\/svg>\t\t\t\t<\/span>\n\t\t\t<\/div>\n\t\t\t\n\t\t\t\t\t\t<div class=\"elementor-icon-box-content\">\n\n\t\t\t\t\t\t\t\t\t<h3 class=\"elementor-icon-box-title\">\n\t\t\t\t\t\t<span  >\n\t\t\t\t\t\t\tTailored Support\t\t\t\t\t\t<\/span>\n\t\t\t\t\t<\/h3>\n\t\t\t\t\n\t\t\t\t\t\t\t\t\t<p class=\"elementor-icon-box-description\">\n\t\t\t\t\t\tWe offer personalized guidance to help you select the right products that meet your specific cognitive enhancement needs.\t\t\t\t\t<\/p>\n\t\t\t\t\n\t\t\t<\/div>\n\t\t\t\n\t\t<\/div>\n\t\t\t\t\t\t<\/div>\n\t\t\t\t<\/div>\n\t\t\t\t\t<\/div>\n\t\t\t\t<\/div>\n\t\t\t\t<\/div>\n\t\t","protected":false},"excerpt":{"rendered":"<p>Discover Our Innovative Products At ICellPharma, we specialize in cutting-edge brain supplements and nutraceuticals. Our products are designed to enhance cognitive performance and support your overall well-being. Explore our innovative solutions and learn how our research can benefit you. Brainozen Brainozen is and scientifically formulated brain supplement designed to: Support cognitive function Enhance memory and [&hellip;]<\/p>\n","protected":false},"author":1,"featured_media":0,"parent":0,"menu_order":0,"comment_status":"closed","ping_status":"closed","template":"","meta":{"footnotes":""},"class_list":["post-28","page","type-page","status-publish","hentry"],"_links":{"self":[{"href":"https:\/\/www.icellpharma.com\/index.php?rest_route=\/wp\/v2\/pages\/28","targetHints":{"allow":["GET"]}}],"collection":[{"href":"https:\/\/www.icellpharma.com\/index.php?rest_route=\/wp\/v2\/pages"}],"about":[{"href":"https:\/\/www.icellpharma.com\/index.php?rest_route=\/wp\/v2\/types\/page"}],"author":[{"embeddable":true,"href":"https:\/\/www.icellpharma.com\/index.php?rest_route=\/wp\/v2\/users\/1"}],"replies":[{"embeddable":true,"href":"https:\/\/www.icellpharma.com\/index.php?rest_route=%2Fwp%2Fv2%2Fcomments&post=28"}],"version-history":[{"count":16,"href":"https:\/\/www.icellpharma.com\/index.php?rest_route=\/wp\/v2\/pages\/28\/revisions"}],"predecessor-version":[{"id":173,"href":"https:\/\/www.icellpharma.com\/index.php?rest_route=\/wp\/v2\/pages\/28\/revisions\/173"}],"wp:attachment":[{"href":"https:\/\/www.icellpharma.com\/index.php?rest_route=%2Fwp%2Fv2%2Fmedia&parent=28"}],"curies":[{"name":"wp","href":"https:\/\/api.w.org\/{rel}","templated":true}]}}