{"id":27,"date":"2025-11-03T23:21:21","date_gmt":"2025-11-03T23:21:21","guid":{"rendered":"https:\/\/www.icellpharma.com\/about-us\/"},"modified":"2025-11-17T04:11:58","modified_gmt":"2025-11-17T04:11:58","slug":"about-us","status":"publish","type":"page","link":"https:\/\/www.icellpharma.com\/?page_id=27","title":{"rendered":"About Us"},"content":{"rendered":"\t\t<div data-elementor-type=\"wp-page\" data-elementor-id=\"27\" class=\"elementor elementor-27\">\n\t\t\t\t<div class=\"elementor-element elementor-element-9959e86 e-con-full e-flex e-con e-parent\" data-id=\"9959e86\" data-element_type=\"container\" data-settings=\"{&quot;background_background&quot;:&quot;classic&quot;,&quot;shape_divider_bottom&quot;:&quot;opacity-tilt&quot;}\">\n\t\t\t\t<div class=\"elementor-shape elementor-shape-bottom\" aria-hidden=\"true\" data-negative=\"false\">\n\t\t\t<svg xmlns=\"http:\/\/www.w3.org\/2000\/svg\" viewBox=\"0 0 2600 131.1\" preserveAspectRatio=\"none\">\n\t<path class=\"elementor-shape-fill\" d=\"M0 0L2600 0 2600 69.1 0 0z\"\/>\n\t<path class=\"elementor-shape-fill\" style=\"opacity:0.5\" d=\"M0 0L2600 0 2600 69.1 0 69.1z\"\/>\n\t<path class=\"elementor-shape-fill\" style=\"opacity:0.25\" d=\"M2600 0L0 0 0 130.1 2600 69.1z\"\/>\n<\/svg>\t\t<\/div>\n\t\t<div class=\"elementor-element elementor-element-b7e9c06 e-con-full e-flex e-con e-child\" data-id=\"b7e9c06\" data-element_type=\"container\">\n\t\t\t\t<div class=\"elementor-element elementor-element-b36bf93 elementor-widget elementor-widget-heading\" data-id=\"b36bf93\" data-element_type=\"widget\" data-widget_type=\"heading.default\">\n\t\t\t\t\t<h2 class=\"elementor-heading-title elementor-size-default\">Our Story<\/h2>\t\t\t\t<\/div>\n\t\t\t\t<div class=\"elementor-element elementor-element-7cfe86f elementor-widget elementor-widget-text-editor\" data-id=\"7cfe86f\" data-element_type=\"widget\" data-widget_type=\"text-editor.default\">\n\t\t\t\t\t\t\t\t\t<p>ICellPharma is a nutraceutical and pharmaceutical company founded in Hawaii. At ICellPharma, we merge cutting-edge science with nature-based solutions to prevent and combat diseases. Our mission is to unlock the full potential of human health through advanced understanding of cell function and targeted nutraceutical innovation. Utilizing patented GSK-3\u03b2 inhibitor technology and phytochemical-based science, through ongoing research and innovation, we are pioneering next-generation nutraceutical and pharmaceutical products designed to support optimal brain health, cognition, memory, and long-term neurological resilience. Products that elevate health, enhance longevity, and strengthen the brain\u2019s natural defenses. We\u2019re not just creating products; we\u2019re reimagining how the world thinks about health. Our scientific approach blends biotechnology, neuroscience, and nature\u2019s intelligence to design products that support the body\u2019s natural ability to prevent, heal, and thrive.<\/p><p>\u00a0<\/p><p>\u00a0<\/p>\t\t\t\t\t\t\t\t<\/div>\n\t\t\t\t<\/div>\n\t\t\t\t<\/div>\n\t\t<div class=\"elementor-element elementor-element-c34bbce e-con-full e-flex e-con e-parent\" data-id=\"c34bbce\" data-element_type=\"container\" data-settings=\"{&quot;background_background&quot;:&quot;classic&quot;}\">\n\t\t\t\t<div class=\"elementor-element elementor-element-4415a61 elementor-widget elementor-widget-text-editor\" data-id=\"4415a61\" data-element_type=\"widget\" data-widget_type=\"text-editor.default\">\n\t\t\t\t\t\t\t\t\t<blockquote><p><span style=\"background-color: transparent;\">\u00a0<\/span><\/p><h5><span style=\"background-color: transparent;\">\u275d<\/span><strong style=\"background-color: transparent;\"><em>Because when your cells perform at their best, so do you.<\/em><\/strong><\/h5><h5><strong><em>Explore our science and experience the future of brain wellness, where science meets nature\u275e<\/em><\/strong><\/h5><\/blockquote>\t\t\t\t\t\t\t\t<\/div>\n\t\t\t\t<\/div>\n\t\t\t\t<\/div>\n\t\t","protected":false},"excerpt":{"rendered":"<p>Our Story ICellPharma is a nutraceutical and pharmaceutical company founded in Hawaii. At ICellPharma, we merge cutting-edge science with nature-based solutions to prevent and combat diseases. Our mission is to unlock the full potential of human health through advanced understanding of cell function and targeted nutraceutical innovation. Utilizing patented GSK-3\u03b2 inhibitor technology and phytochemical-based science, [&hellip;]<\/p>\n","protected":false},"author":1,"featured_media":0,"parent":0,"menu_order":0,"comment_status":"closed","ping_status":"closed","template":"","meta":{"footnotes":""},"class_list":["post-27","page","type-page","status-publish","hentry"],"_links":{"self":[{"href":"https:\/\/www.icellpharma.com\/index.php?rest_route=\/wp\/v2\/pages\/27","targetHints":{"allow":["GET"]}}],"collection":[{"href":"https:\/\/www.icellpharma.com\/index.php?rest_route=\/wp\/v2\/pages"}],"about":[{"href":"https:\/\/www.icellpharma.com\/index.php?rest_route=\/wp\/v2\/types\/page"}],"author":[{"embeddable":true,"href":"https:\/\/www.icellpharma.com\/index.php?rest_route=\/wp\/v2\/users\/1"}],"replies":[{"embeddable":true,"href":"https:\/\/www.icellpharma.com\/index.php?rest_route=%2Fwp%2Fv2%2Fcomments&post=27"}],"version-history":[{"count":25,"href":"https:\/\/www.icellpharma.com\/index.php?rest_route=\/wp\/v2\/pages\/27\/revisions"}],"predecessor-version":[{"id":213,"href":"https:\/\/www.icellpharma.com\/index.php?rest_route=\/wp\/v2\/pages\/27\/revisions\/213"}],"wp:attachment":[{"href":"https:\/\/www.icellpharma.com\/index.php?rest_route=%2Fwp%2Fv2%2Fmedia&parent=27"}],"curies":[{"name":"wp","href":"https:\/\/api.w.org\/{rel}","templated":true}]}}