{"id":24,"date":"2025-11-03T23:21:21","date_gmt":"2025-11-03T23:21:21","guid":{"rendered":"https:\/\/www.icellpharma.com\/research-development\/"},"modified":"2025-11-11T11:25:18","modified_gmt":"2025-11-11T11:25:18","slug":"research-development","status":"publish","type":"page","link":"https:\/\/www.icellpharma.com\/?page_id=24","title":{"rendered":"Research &#038; Development"},"content":{"rendered":"\t\t<div data-elementor-type=\"wp-page\" data-elementor-id=\"24\" class=\"elementor elementor-24\">\n\t\t\t\t<div class=\"elementor-element elementor-element-9959e86 e-flex e-con-boxed e-con e-parent\" data-id=\"9959e86\" data-element_type=\"container\" data-settings=\"{&quot;background_background&quot;:&quot;classic&quot;}\">\n\t\t\t\t\t<div class=\"e-con-inner\">\n\t\t<div class=\"elementor-element elementor-element-b7e9c06 e-con-full e-flex e-con e-child\" data-id=\"b7e9c06\" data-element_type=\"container\">\n\t\t\t\t<div class=\"elementor-element elementor-element-b36bf93 elementor-widget elementor-widget-heading\" data-id=\"b36bf93\" data-element_type=\"widget\" data-widget_type=\"heading.default\">\n\t\t\t\t\t<h2 class=\"elementor-heading-title elementor-size-default\">Pioneering Research &amp; Development<\/h2>\t\t\t\t<\/div>\n\t\t\t\t<div class=\"elementor-element elementor-element-7cfe86f elementor-widget elementor-widget-text-editor\" data-id=\"7cfe86f\" data-element_type=\"widget\" data-widget_type=\"text-editor.default\">\n\t\t\t\t\t\t\t\t\t<p>Welcome to the forefront of biotechnology innovation. Discover how our cutting-edge R&#038;D endeavors are shaping the future. We focus on delivering effective brain supplements and nutraceutical products grounded in robust research.<\/p>\t\t\t\t\t\t\t\t<\/div>\n\t\t\t\t<\/div>\n\t\t\t\t\t<\/div>\n\t\t\t\t<\/div>\n\t\t<div class=\"elementor-element elementor-element-68ca773 e-flex e-con-boxed e-con e-parent\" data-id=\"68ca773\" data-element_type=\"container\" data-settings=\"{&quot;background_background&quot;:&quot;classic&quot;}\">\n\t\t\t\t\t<div class=\"e-con-inner\">\n\t\t<div class=\"elementor-element elementor-element-5f41a01 e-con-full e-flex e-con e-child\" data-id=\"5f41a01\" data-element_type=\"container\">\n\t\t\t\t<div class=\"elementor-element elementor-element-54cd6c4 elementor-widget elementor-widget-image\" data-id=\"54cd6c4\" data-element_type=\"widget\" data-widget_type=\"image.default\">\n\t\t\t\t\t\t\t\t\t\t\t\t\t\t\t<img fetchpriority=\"high\" decoding=\"async\" width=\"1536\" height=\"1024\" src=\"https:\/\/www.icellpharma.com\/wp-content\/uploads\/2025\/11\/reproduce-the-backgr-1.webp\" class=\"attachment-full size-full wp-image-70\" alt=\"\" srcset=\"https:\/\/www.icellpharma.com\/wp-content\/uploads\/2025\/11\/reproduce-the-backgr-1.webp 1536w, https:\/\/www.icellpharma.com\/wp-content\/uploads\/2025\/11\/reproduce-the-backgr-1-300x200.webp 300w\" sizes=\"(max-width: 1536px) 100vw, 1536px\" \/>\t\t\t\t\t\t\t\t\t\t\t\t\t\t\t<\/div>\n\t\t\t\t<\/div>\n\t\t<div class=\"elementor-element elementor-element-ca047e2 e-con-full e-flex e-con e-child\" data-id=\"ca047e2\" data-element_type=\"container\">\n\t\t\t\t<div class=\"elementor-element elementor-element-eeba2e9 elementor-widget elementor-widget-heading\" data-id=\"eeba2e9\" data-element_type=\"widget\" data-widget_type=\"heading.default\">\n\t\t\t\t\t<h2 class=\"elementor-heading-title elementor-size-default\">Leading the Future of Neurodegenerative Care <\/h2>\t\t\t\t<\/div>\n\t\t\t\t<div class=\"elementor-element elementor-element-74daa8a elementor-widget elementor-widget-text-editor\" data-id=\"74daa8a\" data-element_type=\"widget\" data-widget_type=\"text-editor.default\">\n\t\t\t\t\t\t\t\t\t<p>At ICellPharma, innovation never sleeps. Innovation is at the heart of ICellPharma. Our passion for innovation drives us beyond nutraceuticals. Our R&amp;D team is developing next-generation pharmaceutical therapies, targeting neurodegenerative diseases like Alzheimer\u2019s and Parkinson\u2019s.<\/p><p>We collaborate globally with institutions and top scientists and we\u2019re currently advancing a revolutionary noncompetitive ATP inhibitor, a compound patented with unmatched selectivity, bioavailability, and potency, aimed at tackling neural degeneration at its source.<\/p>\t\t\t\t\t\t\t\t<\/div>\n\t\t\t\t<\/div>\n\t\t\t\t\t<\/div>\n\t\t\t\t<\/div>\n\t\t<div class=\"elementor-element elementor-element-92e82ab e-flex e-con-boxed e-con e-parent\" data-id=\"92e82ab\" data-element_type=\"container\">\n\t\t\t\t\t<div class=\"e-con-inner\">\n\t\t\t\t<div class=\"elementor-element elementor-element-ff8151e elementor-widget elementor-widget-heading\" data-id=\"ff8151e\" data-element_type=\"widget\" data-widget_type=\"heading.default\">\n\t\t\t\t\t<h1 class=\"elementor-heading-title elementor-size-default\">OUR PROMISE<\/h1>\t\t\t\t<\/div>\n\t\t\t\t<div class=\"elementor-element elementor-element-a41e2b0 elementor-widget elementor-widget-text-editor\" data-id=\"a41e2b0\" data-element_type=\"widget\" data-widget_type=\"text-editor.default\">\n\t\t\t\t\t\t\t\t\t<h5>At ICellPharma, our promise is simple<\/h5><h5>To deliver <strong>scientifically proven<\/strong>, <strong>nature-inspired<\/strong>, and <strong>ethically developed<\/strong> solutions that promote lifelong cognitive vitality.<\/h5>\t\t\t\t\t\t\t\t<\/div>\n\t\t\t\t\t<\/div>\n\t\t\t\t<\/div>\n\t\t<div class=\"elementor-element elementor-element-8cee341 e-flex e-con-boxed e-con e-parent\" data-id=\"8cee341\" data-element_type=\"container\">\n\t\t\t\t\t<div class=\"e-con-inner\">\n\t\t<div class=\"elementor-element elementor-element-3f32986 e-con-full e-flex e-con e-child\" data-id=\"3f32986\" data-element_type=\"container\">\n\t\t\t\t<div class=\"elementor-element elementor-element-2e21dc6 elementor-widget elementor-widget-heading\" data-id=\"2e21dc6\" data-element_type=\"widget\" data-widget_type=\"heading.default\">\n\t\t\t\t\t<h3 class=\"elementor-heading-title elementor-size-default\">100% research-backed formulations<\/h3>\t\t\t\t<\/div>\n\t\t\t\t<\/div>\n\t\t<div class=\"elementor-element elementor-element-d8c6e2d e-con-full e-flex e-con e-child\" data-id=\"d8c6e2d\" data-element_type=\"container\">\n\t\t\t\t<div class=\"elementor-element elementor-element-feaf05f elementor-widget elementor-widget-heading\" data-id=\"feaf05f\" data-element_type=\"widget\" data-widget_type=\"heading.default\">\n\t\t\t\t\t<h2 class=\"elementor-heading-title elementor-size-default\">Transparent ingredient sourcing<\/h2>\t\t\t\t<\/div>\n\t\t\t\t<\/div>\n\t\t<div class=\"elementor-element elementor-element-255f838 e-con-full e-flex e-con e-child\" data-id=\"255f838\" data-element_type=\"container\">\n\t\t\t\t<div class=\"elementor-element elementor-element-2d9bf15 elementor-widget elementor-widget-heading\" data-id=\"2d9bf15\" data-element_type=\"widget\" data-widget_type=\"heading.default\">\n\t\t\t\t\t<h2 class=\"elementor-heading-title elementor-size-default\"><br>Sustainable manufacturing practices<\/h2>\t\t\t\t<\/div>\n\t\t\t\t<\/div>\n\t\t<div class=\"elementor-element elementor-element-0693d7f e-con-full e-flex e-con e-child\" data-id=\"0693d7f\" data-element_type=\"container\">\n\t\t\t\t<div class=\"elementor-element elementor-element-d31f2c9 elementor-widget elementor-widget-heading\" data-id=\"d31f2c9\" data-element_type=\"widget\" data-widget_type=\"heading.default\">\n\t\t\t\t\t<h2 class=\"elementor-heading-title elementor-size-default\"><br>Innovation with integrity<\/h2>\t\t\t\t<\/div>\n\t\t\t\t<\/div>\n\t\t\t\t\t<\/div>\n\t\t\t\t<\/div>\n\t\t<div class=\"elementor-element elementor-element-2959f91 e-flex e-con-boxed e-con e-parent\" data-id=\"2959f91\" data-element_type=\"container\">\n\t\t\t\t\t<div class=\"e-con-inner\">\n\t\t\t\t\t<\/div>\n\t\t\t\t<\/div>\n\t\t\t\t<\/div>\n\t\t","protected":false},"excerpt":{"rendered":"<p>Pioneering Research &amp; Development Welcome to the forefront of biotechnology innovation. Discover how our cutting-edge R&#038;D endeavors are shaping the future. We focus on delivering effective brain supplements and nutraceutical products grounded in robust research. Leading the Future of Neurodegenerative Care At ICellPharma, innovation never sleeps. Innovation is at the heart of ICellPharma. Our passion [&hellip;]<\/p>\n","protected":false},"author":1,"featured_media":0,"parent":0,"menu_order":0,"comment_status":"closed","ping_status":"closed","template":"","meta":{"footnotes":""},"class_list":["post-24","page","type-page","status-publish","hentry"],"_links":{"self":[{"href":"https:\/\/www.icellpharma.com\/index.php?rest_route=\/wp\/v2\/pages\/24","targetHints":{"allow":["GET"]}}],"collection":[{"href":"https:\/\/www.icellpharma.com\/index.php?rest_route=\/wp\/v2\/pages"}],"about":[{"href":"https:\/\/www.icellpharma.com\/index.php?rest_route=\/wp\/v2\/types\/page"}],"author":[{"embeddable":true,"href":"https:\/\/www.icellpharma.com\/index.php?rest_route=\/wp\/v2\/users\/1"}],"replies":[{"embeddable":true,"href":"https:\/\/www.icellpharma.com\/index.php?rest_route=%2Fwp%2Fv2%2Fcomments&post=24"}],"version-history":[{"count":7,"href":"https:\/\/www.icellpharma.com\/index.php?rest_route=\/wp\/v2\/pages\/24\/revisions"}],"predecessor-version":[{"id":180,"href":"https:\/\/www.icellpharma.com\/index.php?rest_route=\/wp\/v2\/pages\/24\/revisions\/180"}],"wp:attachment":[{"href":"https:\/\/www.icellpharma.com\/index.php?rest_route=%2Fwp%2Fv2%2Fmedia&parent=24"}],"curies":[{"name":"wp","href":"https:\/\/api.w.org\/{rel}","templated":true}]}}